ID	Description	GeneRatio	BgRatio	RichFactor	FoldEnrichment	zScore	pvalue	p.adjust	qvalue	geneID	Count
HALLMARK_ADIPOGENESIS	Genes up-regulated during adipocyte differentiation (adipogenesis).	2/8	200/4384	0.01	5.48	2.7726129417085548	0.048356708363357266	0.16924847927175043	0.12725449569304545	SOWAHC/YWHAG	2
HALLMARK_HYPOXIA	Genes up-regulated in response to low oxygen levels (hypoxia).	2/8	200/4384	0.01	5.48	2.7726129417085548	0.048356708363357266	0.16924847927175043	0.12725449569304545	STBD1/B3GALT6	2
HALLMARK_GLYCOLYSIS	Genes encoding proteins involved in glycolysis and gluconeogenesis.	1/8	200/4384	0.005	2.74	1.0768630621814477	0.3119241770527509	0.3119241770527509	0.23452945643063977	B3GALT6	1
HALLMARK_HEME_METABOLISM	Genes involved in metabolism of heme (a cofactor consisting of iron and porphyrin) and erythroblast differentiation.	1/8	200/4384	0.005	2.74	1.0768630621814477	0.3119241770527509	0.3119241770527509	0.23452945643063977	SLC30A1	1
HALLMARK_KRAS_SIGNALING_DN	Genes down-regulated by KRAS activation.	1/8	200/4384	0.005	2.74	1.0768630621814477	0.3119241770527509	0.3119241770527509	0.23452945643063977	NUDT11	1
HALLMARK_KRAS_SIGNALING_UP	Genes up-regulated by KRAS activation.	1/8	200/4384	0.005	2.74	1.0768630621814477	0.3119241770527509	0.3119241770527509	0.23452945643063977	GNG11	1
HALLMARK_TNFA_SIGNALING_VIA_NFKB	Genes regulated by NF-kB in response to TNF [GeneID=7124].	1/8	200/4384	0.005	2.74	1.0768630621814477	0.3119241770527509	0.3119241770527509	0.23452945643063977	EGR1	1
