ID	Description	GeneRatio	BgRatio	RichFactor	FoldEnrichment	zScore	pvalue	p.adjust	qvalue	geneID	Count
KEGG_SELENOAMINO_ACID_METABOLISM	Selenoamino acid metabolism	2/10	26/6030	0.07692307692307693	46.38461538461539	9.451470602048161	7.876546965328952e-4	0.025992604985585543	0.01409487351690444	SEPHS2/MARS2	2
