ID	Description	GeneRatio	BgRatio	RichFactor	FoldEnrichment	zScore	pvalue	p.adjust	qvalue	geneID	Count
GO:0006364	rRNA processing	4/31	215/28832	0.018604651162790697	17.303525881470367	7.872191166018767	8.078330071369642e-5	0.03221113811950727	0.024421614108692046	Abt1/Bysl/Rps27rt/Mrm2	4
GO:0016072	rRNA metabolic process	4/31	256/28832	0.015625	14.53225806451613	7.135040650541921	1.5818008426824045e-4	0.03221113811950727	0.024421614108692046	Abt1/Bysl/Rps27rt/Mrm2	4
GO:0042274	ribosomal small subunit biogenesis	3/31	108/28832	0.027777777777777776	25.83512544802867	8.483258348262623	2.1284893030511413e-4	0.03221113811950727	0.024421614108692046	Abt1/Bysl/Rps27rt	3
GO:0042254	ribosome biogenesis	4/31	320/28832	0.0125	11.625806451612904	6.270901300823311	3.69854955788647e-4	0.041978537482011434	0.03182699224812831	Abt1/Bysl/Rps27rt/Mrm2	4
